"id","tags"
"0","SPECULATIVE-FICTION FICTION FANTASY CHILDREN'S-LITERATURE"
"1","FICTION NOVEL"
"2","FICTION NOVEL"
"3","HISTORICAL-NOVEL"
"4","FICTION NOVEL CRIME-FICTION"
"5","FICTION MYSTERY CRIME-FICTION"
"6","SPECULATIVE-FICTION FICTION NOVEL"
"7","SCIENCE-FICTION SPECULATIVE-FICTION FICTION FANTASY"
"8","SCIENCE-FICTION SPECULATIVE-FICTION FICTION"
"9","SPECULATIVE-FICTION FICTION NOVEL"
"10","SCIENCE-FICTION SPECULATIVE-FICTION FICTION CHILDREN'S-LITERATURE"
"11","FICTION NOVEL CHILDREN'S-LITERATURE"
"12","FICTION NOVEL HISTORICAL-NOVEL"
"13","SCIENCE-FICTION SPECULATIVE-FICTION"
"14","FICTION NOVEL"
"15","FICTION NOVEL"
"16","SPECULATIVE-FICTION FICTION NOVEL"
"17","SCIENCE-FICTION"
"18","SCIENCE-FICTION SPECULATIVE-FICTION FANTASY"
"19","SPECULATIVE-FICTION FANTASY"
"20","SCIENCE-FICTION SPECULATIVE-FICTION FICTION CHILDREN'S-LITERATURE"
"21","SCIENCE-FICTION SPECULATIVE-FICTION"
"22","FICTION NOVEL"
"23","SPECULATIVE-FICTION FICTION NOVEL"
"24","FICTION HISTORICAL-NOVEL"
"25","CHILDREN'S-LITERATURE"
"26","FICTION NOVEL"
"27","SPECULATIVE-FICTION FICTION NOVEL"
"28","NOVEL"
"29","NOVEL"
"30","SCIENCE-FICTION SPECULATIVE-FICTION"
"31","SPECULATIVE-FICTION FICTION FANTASY CHILDREN'S-LITERATURE"
"32","FICTION MYSTERY SUSPENSE CRIME-FICTION"
"33","SPECULATIVE-FICTION CHILDREN'S-LITERATURE"
"34","FICTION"
"35","NOVEL"
"36","SPECULATIVE-FICTION FICTION FANTASY HISTORICAL-NOVEL"
"37","SCIENCE-FICTION SPECULATIVE-FICTION"
"38","FICTION CHILDREN'S-LITERATURE MYSTERY DETECTIVE-FICTION"
"39","SCIENCE-FICTION SPECULATIVE-FICTION FANTASY"
"40","FICTION NOVEL"
"41","FICTION NOVEL"
"42","FICTION NOVEL"
"43","HISTORICAL-NOVEL"
"44","FICTION NOVEL MYSTERY CRIME-FICTION"
"45","FICTION NOVEL MYSTERY CRIME-FICTION"
"46","FICTION CHILDREN'S-LITERATURE"
"47","FICTION"
"48","SCIENCE-FICTION SPECULATIVE-FICTION FICTION FANTASY"
"49","FICTION CHILDREN'S-LITERATURE"
"50","FICTION"
"51","FICTION MYSTERY SUSPENSE THRILLER"
"52","FICTION"
"53","SPECULATIVE-FICTION FANTASY"
"54","FICTION MYSTERY SUSPENSE"
"55","SCIENCE-FICTION SPECULATIVE-FICTION"
"56","SPECULATIVE-FICTION FICTION FANTASY CHILDREN'S-LITERATURE"
"57","FICTION CHILDREN'S-LITERATURE"
"58","FICTION NOVEL"
"59","SCIENCE-FICTION SPECULATIVE-FICTION FICTION NOVEL"
"60","FICTION NOVEL MYSTERY ROMANCE-NOVEL HISTORICAL-NOVEL"
"61","FICTION MYSTERY SUSPENSE CRIME-FICTION"
"62","FICTION CHILDREN'S-LITERATURE"
"63","SPECULATIVE-FICTION FANTASY CHILDREN'S-LITERATURE"
"64","FICTION HISTORICAL-NOVEL"
"65","FICTION CHILDREN'S-LITERATURE MYSTERY ROMANCE-NOVEL"
"66","SPECULATIVE-FICTION FICTION FANTASY"
"67","SPECULATIVE-FICTION FICTION NOVEL"
"68","SPECULATIVE-FICTION FICTION NOVEL"
"69","NOVEL"
"70","FICTION CHILDREN'S-LITERATURE"
"71","SCIENCE-FICTION SPECULATIVE-FICTION FICTION"
"72","SCIENCE-FICTION SPECULATIVE-FICTION FICTION NOVEL"
"73","FANTASY"
"74","FICTION NOVEL"
"75","FICTION"
"76","SCIENCE-FICTION SPECULATIVE-FICTION FICTION"
"77","SCIENCE-FICTION SPECULATIVE-FICTION FICTION FANTASY CHILDREN'S-LITERATURE MYSTERY CRIME-FICTION"
"78","SCIENCE-FICTION SPECULATIVE-FICTION FICTION FANTASY"
"79","SCIENCE-FICTION SPECULATIVE-FICTION"
"80","FICTION NOVEL"
"81","SCIENCE-FICTION SPECULATIVE-FICTION FICTION"
"82","SCIENCE-FICTION SPECULATIVE-FICTION FICTION NOVEL"
"83","FICTION NOVEL MYSTERY"
"84","SPECULATIVE-FICTION FANTASY"
"85","FICTION CHILDREN'S-LITERATURE"
"86","FICTION"
"87","FICTION"
"88","FICTION MYSTERY SUSPENSE DETECTIVE-FICTION"
"89","FICTION NOVEL"
"90","NOVEL"
"91","SCIENCE-FICTION SPECULATIVE-FICTION"
"92","FICTION MYSTERY SUSPENSE DETECTIVE-FICTION"
"93","FICTION NOVEL"
"94","SPECULATIVE-FICTION FICTION CHILDREN'S-LITERATURE"
"95","FICTION NOVEL"
"96","FICTION CHILDREN'S-LITERATURE"
"97","FICTION NOVEL CHILDREN'S-LITERATURE"
"98","FICTION NOVEL"
"99","SCIENCE-FICTION SPECULATIVE-FICTION FICTION FANTASY"
"100","FICTION SPY-FICTION THRILLER"
"101","FICTION NOVEL"
"102","FICTION"
"103","SPECULATIVE-FICTION FICTION CHILDREN'S-LITERATURE"
"104","FICTION NOVEL"
"105","SPECULATIVE-FICTION FICTION THRILLER"
"106","FICTION SPY-FICTION"
"107","FICTION SPY-FICTION"
"108","FICTION SPY-FICTION THRILLER"
"109","SPECULATIVE-FICTION FICTION NOVEL"
"110","SPECULATIVE-FICTION FICTION CHILDREN'S-LITERATURE"
"111","SPECULATIVE-FICTION FICTION FANTASY"
"112","FICTION NOVEL"
"113","FICTION CHILDREN'S-LITERATURE"
"114","FICTION CHILDREN'S-LITERATURE"
"115","SCIENCE-FICTION SPECULATIVE-FICTION"
"116","FICTION NOVEL"
"117","SPECULATIVE-FICTION FICTION NOVEL SATIRE MYSTERY SPY-FICTION COMIC-NOVEL CRIME-FICTION"
"118","NOVEL"
"119","SCIENCE-FICTION SPECULATIVE-FICTION NOVEL"
"120","FICTION NOVEL"
"121","FICTION"
"122","FICTION MYSTERY SUSPENSE CRIME-FICTION"
"123","NOVEL"
"124","SCIENCE-FICTION SPECULATIVE-FICTION FICTION FANTASY"
"125","SCIENCE-FICTION SPECULATIVE-FICTION"
"126","FICTION MYSTERY SUSPENSE SPY-FICTION THRILLER"
"127","FICTION NOVEL"
"128","NOVEL"
"129","SPECULATIVE-FICTION FICTION NOVEL"
"130","SCIENCE-FICTION SPECULATIVE-FICTION"
"131","SPY-FICTION THRILLER"
"132","FICTION CHILDREN'S-LITERATURE"
"133","SPECULATIVE-FICTION FICTION FANTASY CHILDREN'S-LITERATURE"
"134","FICTION NOVEL CHILDREN'S-LITERATURE"
"135","SCIENCE-FICTION SPECULATIVE-FICTION FICTION"
"136","FICTION NOVEL"
"137","SPECULATIVE-FICTION FICTION FANTASY CHILDREN'S-LITERATURE"
"138","FICTION CHILDREN'S-LITERATURE"
"139","FICTION HISTORICAL-NOVEL"
"140","FICTION MYSTERY SUSPENSE DETECTIVE-FICTION CRIME-FICTION"
"141","FICTION MYSTERY SPY-FICTION THRILLER"
"142","FICTION NOVEL"
"143","SPECULATIVE-FICTION FANTASY"
"144","FICTION NOVEL"
"145","FICTION NOVEL"
"146","SPECULATIVE-FICTION FICTION"
"147","FICTION CHILDREN'S-LITERATURE"
"148","SPECULATIVE-FICTION FANTASY"
"149","SPECULATIVE-FICTION FANTASY"
"150","CHILDREN'S-LITERATURE"
"151","SPECULATIVE-FICTION NOVEL"
"152","SPECULATIVE-FICTION FICTION FANTASY CHILDREN'S-LITERATURE"
"153","FICTION NOVEL"
"154","SPECULATIVE-FICTION FANTASY"
"155","SPECULATIVE-FICTION FICTION CHILDREN'S-LITERATURE MYSTERY CRIME-FICTION"
"156","SPECULATIVE-FICTION CHILDREN'S-LITERATURE"
"157","FICTION NOVEL"
"158","FICTION NOVEL"
"159","NOVEL"
"160","FICTION MYSTERY SUSPENSE DETECTIVE-FICTION CRIME-FICTION"
"161","SPECULATIVE-FICTION FICTION MYSTERY SPY-FICTION CRIME-FICTION"
"162","FICTION NOVEL"
"163","FICTION MYSTERY DETECTIVE-FICTION"
"164","FICTION MYSTERY DETECTIVE-FICTION"
"165","FICTION MYSTERY DETECTIVE-FICTION"
"166","FICTION MYSTERY DETECTIVE-FICTION"
"167","CHILDREN'S-LITERATURE"
"168","HISTORICAL-NOVEL"
"169","FICTION MYSTERY SUSPENSE CRIME-FICTION"
"170","FICTION NOVEL"
"171","SCIENCE-FICTION SPECULATIVE-FICTION FICTION FANTASY"
"172","FICTION MYSTERY"
"173","FICTION NOVEL"
"174","SCIENCE-FICTION SPECULATIVE-FICTION FICTION"
"175","FICTION MYSTERY SUSPENSE CRIME-FICTION"
"176","SCIENCE-FICTION SPECULATIVE-FICTION FICTION NOVEL"
"177","FICTION NOVEL"
"178","SPECULATIVE-FICTION FICTION FANTASY CHILDREN'S-LITERATURE"
"179","FICTION NOVEL MYSTERY CRIME-FICTION"
"180","SPECULATIVE-FICTION FICTION CHILDREN'S-LITERATURE"
"181","FICTION NOVEL MYSTERY SUSPENSE DETECTIVE-FICTION"
"182","FICTION NOVEL"
"183","SCIENCE-FICTION SPECULATIVE-FICTION"
"184","SPECULATIVE-FICTION FANTASY CHILDREN'S-LITERATURE"
"185","SPECULATIVE-FICTION FICTION NOVEL"
"186","SCIENCE-FICTION SPECULATIVE-FICTION FICTION FANTASY"
"187","SCIENCE-FICTION SPECULATIVE-FICTION FICTION"
"188","HISTORY"
"189","SCIENCE-FICTION SPECULATIVE-FICTION"
"190","SCIENCE-FICTION SPECULATIVE-FICTION FICTION FANTASY"
"191","CHILDREN'S-LITERATURE YOUNG-ADULT-LITERATURE"
"192","SCIENCE-FICTION SPECULATIVE-FICTION"
"193","FICTION NOVEL"
"194","SCIENCE-FICTION SPECULATIVE-FICTION FICTION FANTASY CHILDREN'S-LITERATURE"
"195","SCIENCE-FICTION SPECULATIVE-FICTION"
"196","FICTION NOVEL"
"197","FICTION NOVEL MYSTERY"
"198","SPECULATIVE-FICTION FANTASY CHILDREN'S-LITERATURE"
"199","SPECULATIVE-FICTION FANTASY"
"200","SCIENCE-FICTION SPECULATIVE-FICTION FICTION"
"201","SCIENCE-FICTION SPECULATIVE-FICTION FICTION CHILDREN'S-LITERATURE"
"202","SCIENCE-FICTION SPECULATIVE-FICTION FICTION CHILDREN'S-LITERATURE"
"203","SCIENCE-FICTION SPECULATIVE-FICTION FICTION CHILDREN'S-LITERATURE"
"204","SCIENCE-FICTION SPECULATIVE-FICTION FICTION CHILDREN'S-LITERATURE"
"205","FICTION NOVEL"
"206","FICTION NOVEL"
"207","FICTION HISTORICAL-NOVEL"
"208","NOVEL"
"209","SCIENCE-FICTION SPECULATIVE-FICTION FICTION FANTASY"
"210","SPECULATIVE-FICTION FICTION FANTASY CHILDREN'S-LITERATURE HISTORICAL-NOVEL"
"211","FICTION"
"212","FICTION ROMANCE-NOVEL HISTORICAL-NOVEL"
"213","FICTION MYSTERY THRILLER CRIME-FICTION"
"214","FICTION NOVEL ROMANCE-NOVEL"
"215","FICTION NOVEL"
"216","FICTION ROMANCE-NOVEL HISTORICAL-NOVEL"
"217","NON-FICTION"
"218","FICTION MYSTERY SUSPENSE CRIME-FICTION"
"219","FICTION CHILDREN'S-LITERATURE"
"220","FICTION NOVEL"
"221","FICTION MYSTERY SUSPENSE DETECTIVE-FICTION CRIME-FICTION"
"222","FICTION NOVEL MYSTERY"
"223","HISTORICAL-NOVEL"
"224","FICTION NOVEL"
"225","FICTION CHILDREN'S-LITERATURE HISTORICAL-NOVEL"
"226","SCIENCE-FICTION SPECULATIVE-FICTION FICTION"
"227","SCIENCE-FICTION SPECULATIVE-FICTION FICTION"
"228","SPECULATIVE-FICTION FANTASY"
"229","SCIENCE-FICTION SPECULATIVE-FICTION FICTION"
"230","FICTION NOVEL"
"231","SPECULATIVE-FICTION FICTION FANTASY"
"232","SPECULATIVE-FICTION FICTION CHILDREN'S-LITERATURE"
"233","THRILLER"
"234","SCIENCE-FICTION SPECULATIVE-FICTION FICTION"
"235","FICTION NOVEL"
"236","FICTION MYSTERY SUSPENSE CRIME-FICTION"
"237","SPECULATIVE-FICTION FICTION NOVEL"
"238","NOVEL"
"239","FICTION CRIME-FICTION"
"240","FICTION NOVEL"
"241","FICTION NOVEL"
"242","NOVEL"
"243","FICTION NOVEL"
"244","SPECULATIVE-FICTION FANTASY"
"245","SCIENCE-FICTION SPECULATIVE-FICTION"
"246","SCIENCE-FICTION SPECULATIVE-FICTION"
"247","FICTION"
"248","FICTION NOVEL"
"249","SPECULATIVE-FICTION FICTION NOVEL SATIRE"
"250","FICTION CRIME-FICTION"
"251","FICTION NOVEL"
"252","MEMOIR"
"253","FICTION MYSTERY SUSPENSE CRIME-FICTION"
"254","SCIENCE-FICTION SPECULATIVE-FICTION FICTION FANTASY"
"255","SPECULATIVE-FICTION"
"256","FICTION CHILDREN'S-LITERATURE"
"257","FICTION MYSTERY SUSPENSE DETECTIVE-FICTION CRIME-FICTION"
"258","SPECULATIVE-FICTION FICTION NOVEL CHILDREN'S-LITERATURE"
"259","FICTION NOVEL"
"260","NON-FICTION"
"261","SCIENCE-FICTION SPECULATIVE-FICTION"
"262","NOVEL"
"263","SPECULATIVE-FICTION FICTION FANTASY CHILDREN'S-LITERATURE"
"264","SCIENCE-FICTION SPECULATIVE-FICTION FICTION"
"265","HISTORICAL-NOVEL"
"266","FICTION"
"267","FICTION NOVEL"
"268","FICTION NOVEL"
"269","ROMANCE-NOVEL"
"270","FICTION NOVEL"
"271","HISTORICAL-NOVEL"
"272","FICTION NOVEL"
"273","FICTION NOVEL THRILLER"
"274","SPECULATIVE-FICTION FANTASY HISTORICAL-NOVEL"
"275","SCIENCE-FICTION SPECULATIVE-FICTION FICTION NOVEL"
"276","FICTION CHILDREN'S-LITERATURE"
"277","FICTION NOVEL"
"278","FICTION NOVEL"
"279","FICTION"
"280","FICTION"
"281","SCIENCE-FICTION SPECULATIVE-FICTION FICTION FANTASY"
"282","SCIENCE-FICTION SPECULATIVE-FICTION"
"283","NOVEL HISTORICAL-NOVEL"
"284","FICTION NOVEL CHILDREN'S-LITERATURE"
"285","SPECULATIVE-FICTION FICTION"
"286","SPECULATIVE-FICTION FANTASY"
"287","FICTION"
"288","SCIENCE-FICTION SPECULATIVE-FICTION FICTION FANTASY CHILDREN'S-LITERATURE HORROR"
"289","SCIENCE-FICTION SPECULATIVE-FICTION FICTION FANTASY CHILDREN'S-LITERATURE HORROR"
"290","SCIENCE-FICTION SPECULATIVE-FICTION FICTION FANTASY CHILDREN'S-LITERATURE HORROR"
"291","SPECULATIVE-FICTION FANTASY CHILDREN'S-LITERATURE"
"292","SCIENCE-FICTION SPECULATIVE-FICTION FICTION FANTASY CHILDREN'S-LITERATURE HORROR"
"293","NOVEL"
"294","FICTION NOVEL"
"295","FICTION CHILDREN'S-LITERATURE YOUNG-ADULT-LITERATURE"
"296","FICTION"
"297","FICTION"
"298","SCIENCE-FICTION SPECULATIVE-FICTION FICTION FANTASY"
"299","SCIENCE-FICTION SPECULATIVE-FICTION FICTION FANTASY CHILDREN'S-LITERATURE HORROR"
"300","FICTION CHILDREN'S-LITERATURE"
"301","FICTION HISTORICAL-FICTION HISTORICAL-NOVEL"
"302","FICTION CHILDREN'S-LITERATURE"
"303","FICTION CHILDREN'S-LITERATURE"
"304","FICTION MYSTERY SUSPENSE CRIME-FICTION"
"305","SPECULATIVE-FICTION FANTASY"
"306","FICTION MYSTERY SUSPENSE CRIME-FICTION"
"307","CHILDREN'S-LITERATURE"
"308","FICTION MYSTERY SUSPENSE DETECTIVE-FICTION CRIME-FICTION"
"309","HISTORICAL-NOVEL"
"310","SCIENCE-FICTION SPECULATIVE-FICTION"
"311","FICTION"
"312","FICTION NOVEL"
"313","FICTION"
"314","SPECULATIVE-FICTION FANTASY CHILDREN'S-LITERATURE"
"315","FICTION NOVEL"
"316","SPECULATIVE-FICTION FICTION CHILDREN'S-LITERATURE"
"317","SPECULATIVE-FICTION FICTION FANTASY CHILDREN'S-LITERATURE"
"318","FICTION MYSTERY SUSPENSE DETECTIVE-FICTION CRIME-FICTION"
"319","SCIENCE-FICTION SPECULATIVE-FICTION FICTION FANTASY CHILDREN'S-LITERATURE HORROR"
"320","SPECULATIVE-FICTION FICTION HORROR CRIME-FICTION"
"321","SPECULATIVE-FICTION FICTION CHILDREN'S-LITERATURE MYSTERY HORROR"
"322","SCIENCE-FICTION SPECULATIVE-FICTION FICTION FANTASY CHILDREN'S-LITERATURE HORROR"
"323","FICTION CHILDREN'S-LITERATURE MYSTERY ADVENTURE-NOVEL DETECTIVE-FICTION CRIME-FICTION"
"324","FICTION MYSTERY SUSPENSE CRIME-FICTION"
"325","FICTION NOVEL"
"326","SPECULATIVE-FICTION HISTORICAL-NOVEL"
"327","SPECULATIVE-FICTION FANTASY"
"328","HISTORICAL-NOVEL"
"329","SPECULATIVE-FICTION FICTION FANTASY CHILDREN'S-LITERATURE"
"330","FICTION NOVEL"
"331","SPECULATIVE-FICTION FANTASY"
"332","SPECULATIVE-FICTION FICTION FANTASY CHILDREN'S-LITERATURE"
"333","SPECULATIVE-FICTION FICTION FANTASY CHILDREN'S-LITERATURE"
"334","SPECULATIVE-FICTION FANTASY"
"335","SPECULATIVE-FICTION FANTASY"
"336","FICTION NOVEL"
"337","FICTION NOVEL CHILDREN'S-LITERATURE"
"338","FICTION NOVEL"
"339","SPECULATIVE-FICTION FICTION NOVEL WAR-NOVEL"
"340","SCIENCE-FICTION SPECULATIVE-FICTION"
"341","SCIENCE-FICTION SPECULATIVE-FICTION FICTION NOVEL"
"342","FICTION NOVEL"
"343","ADVENTURE-NOVEL"
"344","SCIENCE-FICTION SPECULATIVE-FICTION FICTION"
"345","SCIENCE-FICTION SPECULATIVE-FICTION FICTION FANTASY"
"346","SPECULATIVE-FICTION FANTASY CHILDREN'S-LITERATURE"
"347","SPECULATIVE-FICTION FANTASY"
"348","SCIENCE-FICTION SPECULATIVE-FICTION FICTION FANTASY"
"349","SCIENCE-FICTION SPECULATIVE-FICTION"
"350","SPECULATIVE-FICTION FANTASY"
"351","FICTION CHILDREN'S-LITERATURE YOUNG-ADULT-LITERATURE"
"352","SCIENCE-FICTION SPECULATIVE-FICTION FICTION FANTASY"
"353","ALTERNATE-HISTORY"
"354","FICTION NOVEL MYSTERY SUSPENSE THRILLER"
"355","SPECULATIVE-FICTION FICTION FANTASY CHILDREN'S-LITERATURE"
"356","SPECULATIVE-FICTION FANTASY"
"357","SPECULATIVE-FICTION FICTION"
"358","FICTION NOVEL SATIRE THRILLER"
"359","SCIENCE-FICTION SPECULATIVE-FICTION FICTION"
"360","SPECULATIVE-FICTION FICTION CHILDREN'S-LITERATURE"
"361","FICTION CHILDREN'S-LITERATURE"
"362","FICTION MYSTERY DETECTIVE-FICTION CRIME-FICTION"
"363","FICTION NOVEL"
"364","SPECULATIVE-FICTION FANTASY"
"365","SCIENCE-FICTION SPECULATIVE-FICTION FICTION"
"366","NOVEL"
"367","MYSTERY DETECTIVE-FICTION"
"368","SCIENCE-FICTION SPECULATIVE-FICTION FICTION"
"369","FANTASY ADVENTURE-NOVEL"
"370","SPECULATIVE-FICTION FICTION NOVEL SATIRE"
"371","FICTION NOVEL"
"372","FICTION MYSTERY THRILLER CRIME-FICTION"
"373","SCIENCE-FICTION SPECULATIVE-FICTION"
"374","SCIENCE-FICTION SPECULATIVE-FICTION"
"375","SPECULATIVE-FICTION FICTION FANTASY CHILDREN'S-LITERATURE"
"376","FICTION CHILDREN'S-LITERATURE"
"377","FICTION HISTORICAL-FICTION HISTORICAL-NOVEL"
"378","SCIENCE-FICTION SPECULATIVE-FICTION FANTASY"
"379","SCIENCE-FICTION SPECULATIVE-FICTION"
"380","SPECULATIVE-FICTION FANTASY CHILDREN'S-LITERATURE"
"381","SCIENCE-FICTION SPECULATIVE-FICTION"
"382","SCIENCE-FICTION SPECULATIVE-FICTION FICTION"
"383","SCIENCE-FICTION SPECULATIVE-FICTION FICTION FANTASY CHILDREN'S-LITERATURE HORROR"
"384","FICTION NOVEL"
"385","SCIENCE-FICTION SPECULATIVE-FICTION"
"386","SCIENCE-FICTION SPECULATIVE-FICTION FICTION FANTASY"
"387","FICTION MYSTERY DETECTIVE-FICTION CRIME-FICTION"
"388","FICTION NOVEL"
"389","FICTION NOVEL"
"390","FICTION MYSTERY SUSPENSE CRIME-FICTION"
"391","FICTION NOVEL"
"392","FICTION YOUNG-ADULT-LITERATURE"
"393","HISTORICAL-FICTION HISTORICAL-NOVEL"
"394","SPECULATIVE-FICTION CHILDREN'S-LITERATURE"
"395","SPECULATIVE-FICTION FANTASY CHILDREN'S-LITERATURE"
"396","SCIENCE-FICTION SPECULATIVE-FICTION FICTION"
"397","FICTION MYSTERY SUSPENSE THRILLER"
"398","FICTION THRILLER"
"399","NOVEL"
"400","FICTION MYSTERY DETECTIVE-FICTION"
"401","FICTION NOVEL"
"402","NOVEL"
"403","FICTION HISTORICAL-FICTION HISTORICAL-NOVEL"
"404","FICTION HISTORICAL-FICTION HISTORICAL-NOVEL"
"405","FICTION NOVEL"
"406","FICTION CHILDREN'S-LITERATURE YOUNG-ADULT-LITERATURE"
"407","SPECULATIVE-FICTION FANTASY CHILDREN'S-LITERATURE"
"408","FICTION MYSTERY SUSPENSE CRIME-FICTION"
"409","FICTION CHILDREN'S-LITERATURE"
"410","FICTION NOVEL"
"411","SPECULATIVE-FICTION FICTION MYSTERY SUSPENSE CRIME-FICTION"
"412","MYSTERY DETECTIVE-FICTION"
"413","SCIENCE-FICTION SPECULATIVE-FICTION"
"414","SPECULATIVE-FICTION FANTASY"
"415","SCIENCE-FICTION SPECULATIVE-FICTION"
"416","SPECULATIVE-FICTION FANTASY"
"417","FICTION NOVEL"
"418","FICTION NOVEL"
"419","SCIENCE-FICTION SPECULATIVE-FICTION FICTION"
"420","SCIENCE-FICTION SPECULATIVE-FICTION FICTION CHILDREN'S-LITERATURE MYSTERY HORROR"
"421","FICTION NOVEL CHILDREN'S-LITERATURE"
"422","FICTION CHILDREN'S-LITERATURE CRIME-FICTION"
"423","SCIENCE-FICTION SPECULATIVE-FICTION FICTION"
"424","FICTION MYSTERY SUSPENSE CRIME-FICTION"
"425","FICTION NOVEL MYSTERY CRIME-FICTION"
"426","SPECULATIVE-FICTION FICTION FANTASY CHILDREN'S-LITERATURE"
"427","SCIENCE-FICTION SPECULATIVE-FICTION FICTION FANTASY"
"428","FICTION MYSTERY CRIME-FICTION"
"429","FICTION MYSTERY SUSPENSE CRIME-FICTION"
"430","FICTION MYSTERY SUSPENSE"
"431","SPECULATIVE-FICTION FICTION NOVEL"
"432","FICTION NOVEL THRILLER"
"433","FICTION NOVEL"
"434","SCIENCE-FICTION SPECULATIVE-FICTION"
"435","SCIENCE-FICTION SPECULATIVE-FICTION"
"436","FICTION CHILDREN'S-LITERATURE"
"437","FICTION CHILDREN'S-LITERATURE"
"438","SCIENCE-FICTION SPECULATIVE-FICTION"
"439","FICTION NOVEL MYSTERY SUSPENSE CRIME-FICTION"
"440","FICTION MYSTERY SUSPENSE DETECTIVE-FICTION CRIME-FICTION"
"441","FICTION MYSTERY DETECTIVE-FICTION CRIME-FICTION"
"442","FICTION MYSTERY SUSPENSE CRIME-FICTION"
"443","SCIENCE-FICTION SPECULATIVE-FICTION"
"444","FICTION NOVEL"
"445","SCIENCE-FICTION SPECULATIVE-FICTION FICTION"
"446","SCIENCE-FICTION SPECULATIVE-FICTION"
"447","SCIENCE-FICTION SPECULATIVE-FICTION"
"448","FICTION CHILDREN'S-LITERATURE"
"449","SPECULATIVE-FICTION FICTION"
"450","SPECULATIVE-FICTION"
"451","SCIENCE-FICTION SPECULATIVE-FICTION FICTION FANTASY"
"452","SPECULATIVE-FICTION FANTASY"
"453","FICTION MYSTERY"
"454","FICTION NOVEL"
"455","FICTION"
"456","FICTION MYSTERY SUSPENSE SPY-FICTION"
"457","FICTION MYSTERY SPY-FICTION DETECTIVE-FICTION"
"458","SCIENCE-FICTION SPECULATIVE-FICTION FICTION"
"459","SPECULATIVE-FICTION FANTASY"
"460","SCIENCE-FICTION SPECULATIVE-FICTION FICTION"
"461","FICTION MYSTERY SUSPENSE CRIME-FICTION"
"462","SCIENCE-FICTION SPECULATIVE-FICTION FICTION"
"463","NOVEL"
"464","SPECULATIVE-FICTION FICTION FANTASY CHILDREN'S-LITERATURE"
"465","FICTION MYSTERY THRILLER"
"466","SCIENCE-FICTION SPECULATIVE-FICTION FICTION NOVEL FANTASY CHILDREN'S-LITERATURE"
"467","SPECULATIVE-FICTION FICTION FANTASY"
"468","ALTERNATE-HISTORY"
"469","FICTION CHILDREN'S-LITERATURE"
"470","SPECULATIVE-FICTION FICTION HISTORICAL-NOVEL"
"471","SCIENCE-FICTION SPECULATIVE-FICTION FICTION"
"472","FICTION MYSTERY SPY-FICTION"
"473","SPECULATIVE-FICTION FICTION CHILDREN'S-LITERATURE"
"474","FICTION NOVEL MYSTERY DETECTIVE-FICTION CRIME-FICTION"
"475","FICTION CHILDREN'S-LITERATURE"
"476","FICTION NOVEL"
"477","SCIENCE-FICTION SPECULATIVE-FICTION FICTION"
"478","FICTION NOVEL"
"479","SPECULATIVE-FICTION FANTASY"
"480","SCIENCE-FICTION SPECULATIVE-FICTION FICTION"
"481","SPECULATIVE-FICTION FICTION FANTASY CHILDREN'S-LITERATURE HORROR"
"482","FICTION MYSTERY SUSPENSE CRIME-FICTION"
"483","SPECULATIVE-FICTION FICTION CHILDREN'S-LITERATURE"
"484","SCIENCE-FICTION SPECULATIVE-FICTION"
"485","SCIENCE-FICTION SPECULATIVE-FICTION FICTION NOVEL FANTASY"
"486","SPECULATIVE-FICTION FICTION FANTASY CHILDREN'S-LITERATURE"
"487","SCIENCE-FICTION SPECULATIVE-FICTION FICTION"
"488","FICTION CHILDREN'S-LITERATURE"
"489","SPECULATIVE-FICTION FICTION FANTASY CHILDREN'S-LITERATURE"
"490","FICTION NOVEL"
"491","FICTION NOVEL"
"492","SPECULATIVE-FICTION FANTASY ALTERNATE-HISTORY"
"493","SPECULATIVE-FICTION NOVEL"
"494","SPECULATIVE-FICTION FANTASY"
"495","FICTION MYSTERY SUSPENSE THRILLER"
"496","FICTION"
"497","FICTION NOVEL"
"498","FICTION NOVEL"
"499","SPECULATIVE-FICTION FICTION NOVEL FANTASY HISTORICAL-NOVEL"
"500","SPECULATIVE-FICTION FICTION NOVEL FANTASY"
"501","SPECULATIVE-FICTION FICTION MYSTERY SUSPENSE HORROR THRILLER CRIME-FICTION"
"502","SCIENCE-FICTION SPECULATIVE-FICTION"
"503","MYSTERY DETECTIVE-FICTION"
"504","FICTION MYSTERY"
"505","FICTION MYSTERY SPY-FICTION"
"506","FICTION SPY-FICTION"
"507","SPECULATIVE-FICTION FICTION FANTASY"
"508","FICTION NOVEL MYSTERY SUSPENSE"
"509","FICTION NOVEL"
"510","FICTION MYSTERY DETECTIVE-FICTION"
"511","SPECULATIVE-FICTION FICTION FANTASY"
"512","FICTION CHILDREN'S-LITERATURE"
"513","CHILDREN'S-LITERATURE MYSTERY DETECTIVE-FICTION"
"514","FICTION NOVEL"
"515","SPECULATIVE-FICTION FICTION FANTASY ADVENTURE-NOVEL"
"516","FICTION NOVEL MYSTERY CRIME-FICTION"
"517","SPECULATIVE-FICTION FICTION FANTASY CHILDREN'S-LITERATURE"
"518","SPECULATIVE-FICTION FANTASY"
"519","SPECULATIVE-FICTION FICTION FANTASY CHILDREN'S-LITERATURE"
"520","FICTION MYSTERY SUSPENSE DETECTIVE-FICTION CRIME-FICTION"
"521","FICTION NOVEL"
"522","SCIENCE-FICTION SPECULATIVE-FICTION FICTION"
"523","FICTION NOVEL"
"524","SPECULATIVE-FICTION FANTASY"
"525","NOVEL"
"526","SPECULATIVE-FICTION FANTASY SHORT-STORY"
"527","FICTION NOVEL THRILLER"
"528","FICTION NOVEL MYSTERY SUSPENSE"
"529","SPECULATIVE-FICTION FICTION NOVEL"
"530","FICTION NOVEL HISTORICAL-FICTION MYSTERY"
"531","CHILDREN'S-LITERATURE MYSTERY DETECTIVE-FICTION"
"532","CHILDREN'S-LITERATURE MYSTERY DETECTIVE-FICTION"
"533","MYSTERY DETECTIVE-FICTION"
"534","FICTION CHILDREN'S-LITERATURE"
"535","SPECULATIVE-FICTION FICTION FANTASY"
"536","SPECULATIVE-FICTION FANTASY"
"537","SPECULATIVE-FICTION FICTION CHILDREN'S-LITERATURE"
"538","FICTION NOVEL"
"539","SPECULATIVE-FICTION FANTASY"
"540","SPECULATIVE-FICTION FANTASY SHORT-STORY"
"541","FICTION NOVEL"
"542","FICTION CHILDREN'S-LITERATURE"
"543","SPECULATIVE-FICTION FANTASY ADVENTURE-NOVEL"
"544","SPECULATIVE-FICTION FANTASY CHILDREN'S-LITERATURE"
"545","HISTORICAL-FICTION"
"546","SCIENCE-FICTION SPECULATIVE-FICTION"
"547","FICTION NOVEL"
"548","FICTION NOVEL THRILLER"
"549","SPECULATIVE-FICTION FICTION"
"550","SCIENCE-FICTION SPECULATIVE-FICTION FICTION"
"551","SPECULATIVE-FICTION FICTION CHILDREN'S-LITERATURE"
"552","SPECULATIVE-FICTION FICTION"
"553","SCIENCE-FICTION SPECULATIVE-FICTION FICTION FANTASY"
"554","SCIENCE-FICTION ALTERNATE-HISTORY"
"555","SCIENCE-FICTION SPECULATIVE-FICTION FICTION THRILLER"
"556","FICTION NOVEL"
"557","SPECULATIVE-FICTION FICTION NOVEL"
"558","FICTION NOVEL"
"559","SPECULATIVE-FICTION FICTION NOVEL"
"560","SCIENCE-FICTION SPECULATIVE-FICTION FICTION FANTASY"
"561","SPECULATIVE-FICTION NOVEL"
"562","FICTION MYSTERY CRIME-FICTION"
"563","FICTION CHILDREN'S-LITERATURE"
"564","FICTION MYSTERY SUSPENSE CRIME-FICTION"
"565","FICTION MYSTERY SUSPENSE CRIME-FICTION"
"566","FICTION NOVEL"
"567","SCIENCE-FICTION SPECULATIVE-FICTION FICTION SUSPENSE THRILLER"
"568","FICTION CHILDREN'S-LITERATURE"
"569","SCIENCE-FICTION SPECULATIVE-FICTION FICTION CHILDREN'S-LITERATURE"
"570","MEMOIR"
"571","FICTION MYSTERY CRIME-FICTION"
"572","SPECULATIVE-FICTION FICTION FANTASY CHILDREN'S-LITERATURE"
"573","FICTION CHILDREN'S-LITERATURE YOUNG-ADULT-LITERATURE"
"574","NON-FICTION"
"575","SPECULATIVE-FICTION FICTION NOVEL"
"576","FICTION NOVEL CHILDREN'S-LITERATURE"
"577","FICTION ROMANCE-NOVEL"
"578","FICTION"
"579","FICTION CHILDREN'S-LITERATURE"
"580","SPECULATIVE-FICTION FICTION FANTASY CHILDREN'S-LITERATURE HORROR"
"581","FICTION NOVEL"
"582","SPECULATIVE-FICTION FICTION NOVEL"
"583","FICTION MYSTERY SUSPENSE DETECTIVE-FICTION CRIME-FICTION"
"584","FICTION NOVEL"
"585","FICTION NOVEL MYSTERY SUSPENSE THRILLER CRIME-FICTION"
"586","SPECULATIVE-FICTION FANTASY"
"587","FICTION CHILDREN'S-LITERATURE"
"588","FICTION MYSTERY SUSPENSE THRILLER CRIME-FICTION"
"589","FICTION"
"590","FICTION NOVEL"
"591","CHILDREN'S-LITERATURE"
"592","FICTION NOVEL MYSTERY SUSPENSE THRILLER CRIME-FICTION"
"593","SCIENCE-FICTION SPECULATIVE-FICTION FICTION"
"594","FICTION NOVEL"
"595","SPECULATIVE-FICTION FANTASY"
"596","SCIENCE-FICTION SPECULATIVE-FICTION FICTION FANTASY"
"597","FICTION"
"598","SPECULATIVE-FICTION FANTASY CHILDREN'S-LITERATURE ADVENTURE-NOVEL"
"599","SPECULATIVE-FICTION FICTION"
"600","SPECULATIVE-FICTION FANTASY CHILDREN'S-LITERATURE"
"601","FICTION CHILDREN'S-LITERATURE"
"602","SPECULATIVE-FICTION FICTION FANTASY CHILDREN'S-LITERATURE"
"603","SCIENCE-FICTION SPECULATIVE-FICTION FICTION FANTASY"
"604","SCIENCE-FICTION SPECULATIVE-FICTION FICTION FANTASY"
"605","SCIENCE-FICTION SPECULATIVE-FICTION"
"606","FICTION MYSTERY DETECTIVE-FICTION"
"607","MYSTERY DETECTIVE-FICTION"
"608","MYSTERY DETECTIVE-FICTION"
"609","FICTION CHILDREN'S-LITERATURE"
"610","SPECULATIVE-FICTION FANTASY"
"611","SCIENCE-FICTION SPECULATIVE-FICTION FICTION"
"612","SCIENCE-FICTION SPECULATIVE-FICTION FICTION ALTERNATE-HISTORY"
"613","FICTION CHILDREN'S-LITERATURE"
"614","FICTION SPY-FICTION"
"615","FICTION NOVEL"
"616","SCIENCE-FICTION SPECULATIVE-FICTION FANTASY"
"617","FANTASY CHILDREN'S-LITERATURE"
"618","SPECULATIVE-FICTION FICTION FANTASY"
"619","FICTION NOVEL"
"620","AUTOBIOGRAPHY BIOGRAPHY MEMOIR"
"621","SCIENCE-FICTION SPECULATIVE-FICTION FICTION THRILLER"
"622","FICTION NOVEL"
"623","NOVEL ROMANCE-NOVEL"
"624","SCIENCE-FICTION SPECULATIVE-FICTION FICTION"
"625","SPECULATIVE-FICTION NOVEL"
"626","FICTION CHILDREN'S-LITERATURE"
"627","FICTION"
"628","SPECULATIVE-FICTION FANTASY CHILDREN'S-LITERATURE"
"629","SPECULATIVE-FICTION NOVEL"
"630","SPECULATIVE-FICTION FICTION FANTASY ADVENTURE-NOVEL"
"631","SPECULATIVE-FICTION FANTASY ADVENTURE-NOVEL"
"632","SPECULATIVE-FICTION FICTION FANTASY ADVENTURE-NOVEL"
"633","ADVENTURE-NOVEL"
"634","SPECULATIVE-FICTION FICTION FANTASY CHILDREN'S-LITERATURE"
"635","FICTION MYSTERY SUSPENSE CRIME-FICTION"
"636","SCIENCE-FICTION SPECULATIVE-FICTION FICTION FANTASY"
"637","FICTION NOVEL"
"638","FICTION MYSTERY SUSPENSE DETECTIVE-FICTION CRIME-FICTION"
"639","FICTION MYSTERY ADVENTURE-NOVEL SPY-FICTION"
"640","FICTION NOVEL"
"641","FICTION CRIME-FICTION"
"642","FICTION NOVEL MYSTERY SUSPENSE DETECTIVE-FICTION CRIME-FICTION"
"643","FICTION CHILDREN'S-LITERATURE"
"644","SPECULATIVE-FICTION FICTION NOVEL"
"645","FICTION CHILDREN'S-LITERATURE"
"646","SPECULATIVE-FICTION FICTION FANTASY CHILDREN'S-LITERATURE"
"647","FICTION NOVEL"
"648","FICTION CHILDREN'S-LITERATURE"
"649","FICTION HISTORICAL-NOVEL"
"650","FICTION NOVEL THRILLER"
"651","FICTION NOVEL"
"652","FICTION MYSTERY SUSPENSE DETECTIVE-FICTION CRIME-FICTION"
"653","CHILDREN'S-LITERATURE"
"654","FICTION MYSTERY SUSPENSE CRIME-FICTION"
"655","FICTION HISTORICAL-FICTION HISTORICAL-NOVEL"
"656","SCIENCE-FICTION SPECULATIVE-FICTION FANTASY"
"657","FICTION NOVEL MYSTERY CRIME-FICTION"
"658","SPECULATIVE-FICTION FICTION NOVEL"
"659","NOVEL"
"660","FICTION NOVEL"
"661","FICTION MYSTERY DETECTIVE-FICTION"
"662","FICTION NOVEL"
"663","FICTION CHILDREN'S-LITERATURE MYSTERY DETECTIVE-FICTION"
"664","NON-FICTION"
"665","FICTION NOVEL"
"666","FICTION CHILDREN'S-LITERATURE"
"667","FICTION CHILDREN'S-LITERATURE"
"668","SCIENCE-FICTION SPECULATIVE-FICTION FICTION FANTASY CHILDREN'S-LITERATURE HORROR"
"669","FICTION MYSTERY"
"670","NOVEL ROMANCE-NOVEL"
"671","CHILDREN'S-LITERATURE"
"672","SCIENCE-FICTION SPECULATIVE-FICTION"
"673","FICTION NOVEL CHILDREN'S-LITERATURE"
"674","SPECULATIVE-FICTION FANTASY"
"675","FICTION CHILDREN'S-LITERATURE"
"676","FICTION SPY-FICTION"
"677","SPY-FICTION"
"678","SPECULATIVE-FICTION FANTASY"
"679","SCIENCE-FICTION SPECULATIVE-FICTION"
"680","FICTION CHILDREN'S-LITERATURE MYSTERY"
"681","HISTORICAL-NOVEL"
"682","FICTION MYSTERY SUSPENSE CRIME-FICTION"
"683","CHILDREN'S-LITERATURE MYSTERY DETECTIVE-FICTION"
"684","FICTION NOVEL MYSTERY CRIME-FICTION"
"685","SPECULATIVE-FICTION FICTION FANTASY"
"686","FICTION NOVEL"
"687","FICTION NOVEL"
"688","SPECULATIVE-FICTION FICTION FANTASY CHILDREN'S-LITERATURE YOUNG-ADULT-LITERATURE"
"689","FICTION MYSTERY"
"690","SPECULATIVE-FICTION FICTION FANTASY CHILDREN'S-LITERATURE"
"691","FICTION CHILDREN'S-LITERATURE"
"692","SPECULATIVE-FICTION FICTION FANTASY CHILDREN'S-LITERATURE"
"693","SPECULATIVE-FICTION FICTION FANTASY CHILDREN'S-LITERATURE"
"694","SPECULATIVE-FICTION FICTION"
"695","FICTION NOVEL"
"696","SPECULATIVE-FICTION FICTION FANTASY CHILDREN'S-LITERATURE"
"697","FICTION NOVEL"
"698","SPECULATIVE-FICTION"
"699","SCIENCE-FICTION SPECULATIVE-FICTION FICTION"
"700","AUTOBIOGRAPHY BIOGRAPHY"
"701","SPECULATIVE-FICTION"
"702","SCIENCE-FICTION SPECULATIVE-FICTION FICTION NOVEL"
"703","FICTION NOVEL THRILLER"
"704","SPECULATIVE-FICTION FANTASY"
"705","SPECULATIVE-FICTION FICTION FANTASY CHILDREN'S-LITERATURE"
"706","SPECULATIVE-FICTION FICTION CHILDREN'S-LITERATURE YOUNG-ADULT-LITERATURE"
"707","SCIENCE-FICTION SPECULATIVE-FICTION FICTION CHILDREN'S-LITERATURE"
"708","FICTION MYSTERY SUSPENSE"
"709","FICTION"
"710","FICTION NOVEL THRILLER"
"711","SPECULATIVE-FICTION FICTION FANTASY"
"712","FICTION"
"713","HISTORICAL-NOVEL"
"714","FICTION CHILDREN'S-LITERATURE MYSTERY"
"715","ADVENTURE-NOVEL"
"716","NOVEL"
"717","SPECULATIVE-FICTION FICTION NOVEL"
"718","FICTION NOVEL MYSTERY CRIME-FICTION"
"719","FICTION"
"720","SPECULATIVE-FICTION FICTION FANTASY CHILDREN'S-LITERATURE MYSTERY SUSPENSE CRIME-FICTION"
"721","SCIENCE-FICTION SPECULATIVE-FICTION FICTION NOVEL"
"722","FICTION NOVEL"
"723","FICTION MYSTERY SUSPENSE CRIME-FICTION"
"724","SCIENCE-FICTION SPECULATIVE-FICTION"
"725","SCIENCE-FICTION SPECULATIVE-FICTION FICTION NOVEL"
"726","SCIENCE-FICTION SPECULATIVE-FICTION"
"727","SPECULATIVE-FICTION FANTASY CHILDREN'S-LITERATURE"
"728","SPECULATIVE-FICTION FICTION NOVEL"
"729","SCIENCE-FICTION SPECULATIVE-FICTION"
"730","SCIENCE-FICTION SPECULATIVE-FICTION FICTION"
"731","FICTION MYSTERY SUSPENSE DETECTIVE-FICTION CRIME-FICTION"
"732","SCIENCE-FICTION SPECULATIVE-FICTION FICTION"
"733","FICTION MYSTERY SUSPENSE DETECTIVE-FICTION CRIME-FICTION"
"734","SPECULATIVE-FICTION FICTION FANTASY"
"735","FICTION MYSTERY SUSPENSE DETECTIVE-FICTION CRIME-FICTION"
"736","FICTION NOVEL CRIME-FICTION"
"737","FICTION NOVEL MYSTERY SUSPENSE CRIME-FICTION"
"738","SPECULATIVE-FICTION FANTASY"
"739","FICTION MYSTERY SUSPENSE CRIME-FICTION"
"740","FICTION MYSTERY CRIME-FICTION"
"741","HISTORICAL-NOVEL"
"742","FICTION MYSTERY SUSPENSE CRIME-FICTION"
"743","FICTION NOVEL"
"744","FICTION NOVEL"
"745","FICTION"
"746","NOVEL"
"747","FICTION MYSTERY SUSPENSE CRIME-FICTION"
"748","FICTION CHILDREN'S-LITERATURE YOUNG-ADULT-LITERATURE"
"749","SPECULATIVE-FICTION FICTION NOVEL FANTASY"
"750","FICTION MYSTERY SUSPENSE CRIME-FICTION"
"751","FICTION MYSTERY SUSPENSE DETECTIVE-FICTION CRIME-FICTION"
"752","FICTION NOVEL DETECTIVE-FICTION"
"753","FICTION NOVEL"
"754","SPECULATIVE-FICTION FICTION NOVEL"
"755","FICTION MYSTERY DETECTIVE-FICTION CRIME-FICTION"
"756","FICTION MYSTERY DETECTIVE-FICTION"
"757","SPECULATIVE-FICTION"
"758","FICTION NOVEL MYSTERY SUSPENSE CRIME-FICTION"
"759","SPECULATIVE-FICTION NOVEL"
"760","FICTION NOVEL MYSTERY THRILLER"
"761","FICTION CHILDREN'S-LITERATURE"
"762","FICTION NOVEL"
"763","SPECULATIVE-FICTION FICTION NOVEL CHILDREN'S-LITERATURE"
"764","SCIENCE-FICTION SPECULATIVE-FICTION"
"765","FICTION NOVEL MYSTERY"
"766","FICTION NOVEL"
"767","SCIENCE-FICTION SPECULATIVE-FICTION FICTION NOVEL"
"768","FICTION NOVEL"
"769","SCIENCE-FICTION SPECULATIVE-FICTION FICTION FANTASY"
"770","FICTION NOVEL"
"771","FICTION NOVEL CHILDREN'S-LITERATURE"
"772","SCIENCE-FICTION SPECULATIVE-FICTION FICTION FANTASY CHILDREN'S-LITERATURE MYSTERY ADVENTURE-NOVEL"
"773","SCIENCE-FICTION SPECULATIVE-FICTION FICTION FANTASY"
"774","SPECULATIVE-FICTION FICTION FANTASY CHILDREN'S-LITERATURE"
"775","FICTION MYSTERY"
"776","SCIENCE-FICTION SPECULATIVE-FICTION FANTASY"
"777","SPECULATIVE-FICTION FICTION FANTASY CHILDREN'S-LITERATURE"
"778","SCIENCE-FICTION SPECULATIVE-FICTION FICTION MYSTERY"
"779","FICTION"
"780","SCIENCE-FICTION SPECULATIVE-FICTION FICTION MYSTERY SPY-FICTION"
"781","CHILDREN'S-LITERATURE YOUNG-ADULT-LITERATURE"
"782","NOVEL"
"783","SCIENCE-FICTION SPECULATIVE-FICTION FICTION NOVEL"
"784","FICTION NOVEL"
"785","FICTION MYSTERY SUSPENSE CRIME-FICTION"
"786","FICTION CHILDREN'S-LITERATURE"
"787","FICTION CHILDREN'S-LITERATURE"
"788","FICTION MYSTERY SUSPENSE DETECTIVE-FICTION CRIME-FICTION"
"789","FICTION NOVEL THRILLER"
"790","SCIENCE-FICTION SPECULATIVE-FICTION FICTION FANTASY CHILDREN'S-LITERATURE"
"791","SCIENCE-FICTION SPECULATIVE-FICTION FANTASY"
"792","FICTION NOVEL"
"793","FICTION MYSTERY THRILLER"
"794","FICTION NOVEL MYSTERY DETECTIVE-FICTION CRIME-FICTION"
"795","FICTION MYSTERY SUSPENSE CRIME-FICTION"
"796","FICTION MYSTERY SUSPENSE CRIME-FICTION"
"797","SPECULATIVE-FICTION FICTION FANTASY CHILDREN'S-LITERATURE ADVENTURE-NOVEL"
"798","SCIENCE-FICTION SPECULATIVE-FICTION FICTION"
"799","FICTION NOVEL THRILLER"
"800","SPECULATIVE-FICTION FICTION NOVEL FANTASY"
"801","FICTION MYSTERY SUSPENSE DETECTIVE-FICTION CRIME-FICTION"
"802","FICTION CHILDREN'S-LITERATURE"
"803","FICTION MYSTERY DETECTIVE-FICTION"
"804","FICTION MYSTERY DETECTIVE-FICTION CRIME-FICTION"
"805","SPECULATIVE-FICTION FICTION FANTASY CHILDREN'S-LITERATURE MYSTERY"
"806","FICTION NOVEL MYSTERY DETECTIVE-FICTION"
"807","FICTION MYSTERY DETECTIVE-FICTION CRIME-FICTION"
"808","FICTION CHILDREN'S-LITERATURE MYSTERY DETECTIVE-FICTION"
"809","FICTION MYSTERY SUSPENSE DETECTIVE-FICTION CRIME-FICTION"
"810","FICTION MYSTERY SUSPENSE DETECTIVE-FICTION CRIME-FICTION"
"811","SPECULATIVE-FICTION FICTION NOVEL"
"812","SPECULATIVE-FICTION FICTION MYSTERY CRIME-FICTION"
"813","FICTION MYSTERY SUSPENSE DETECTIVE-FICTION CRIME-FICTION"
"814","SPECULATIVE-FICTION FICTION CHILDREN'S-LITERATURE HORROR"
"815","SPECULATIVE-FICTION FICTION FANTASY MYSTERY HORROR ROMANCE-NOVEL"
"816","SPECULATIVE-FICTION FANTASY"
"817","FICTION MYSTERY SUSPENSE DETECTIVE-FICTION CRIME-FICTION"
"818","SCIENCE-FICTION SPECULATIVE-FICTION ALTERNATE-HISTORY"
"819","FICTION MYSTERY SUSPENSE CRIME-FICTION"
"820","SCIENCE-FICTION SPECULATIVE-FICTION FICTION"
"821","HISTORICAL-FICTION HISTORY"
"822","FICTION NOVEL"
"823","FICTION NOVEL MYSTERY CRIME-FICTION"
"824","SPECULATIVE-FICTION FANTASY"
"825","FICTION CHILDREN'S-LITERATURE"
"826","SCIENCE-FICTION SPECULATIVE-FICTION FICTION"
"827","SCIENCE-FICTION SPECULATIVE-FICTION FICTION NOVEL"
"828","SCIENCE-FICTION SPECULATIVE-FICTION FICTION"
"829","NOVEL"
"830","SPECULATIVE-FICTION FANTASY CHILDREN'S-LITERATURE"
"831","SPECULATIVE-FICTION FANTASY CHILDREN'S-LITERATURE"
"832","FICTION CHILDREN'S-LITERATURE"
"833","SCIENCE-FICTION SPECULATIVE-FICTION CHILDREN'S-LITERATURE"
"834","SCIENCE-FICTION SPECULATIVE-FICTION FICTION"
"835","FICTION CHILDREN'S-LITERATURE"
"836","FICTION MYSTERY SUSPENSE CRIME-FICTION"
"837","SPECULATIVE-FICTION"
"838","SPECULATIVE-FICTION FICTION FANTASY CHILDREN'S-LITERATURE"
"839","SCIENCE-FICTION SPECULATIVE-FICTION NOVEL"
"840","FICTION NOVEL MYSTERY SUSPENSE CRIME-FICTION"
"841","FICTION MYSTERY SUSPENSE DETECTIVE-FICTION CRIME-FICTION"
"842","FICTION NOVEL"
"843","FICTION MYSTERY SUSPENSE CRIME-FICTION"
"844","FICTION MYSTERY CRIME-FICTION"
"845","FICTION NOVEL"
"846","SPECULATIVE-FICTION FANTASY"
"847","FICTION CHILDREN'S-LITERATURE"
"848","CHILDREN'S-LITERATURE"
"849","FICTION CHILDREN'S-LITERATURE"
"850","SPECULATIVE-FICTION FICTION FANTASY MYSTERY HORROR"
"851","SPECULATIVE-FICTION FANTASY"
"852","ROMANCE-NOVEL HISTORICAL-NOVEL"
"853","FICTION NOVEL THRILLER"
"854","FICTION NOVEL"
"855","SCIENCE-FICTION SPECULATIVE-FICTION FICTION"
"856","NOVEL"
"857","SCIENCE-FICTION SPECULATIVE-FICTION FICTION THRILLER ALTERNATE-HISTORY"
"858","SPECULATIVE-FICTION FICTION FANTASY CHILDREN'S-LITERATURE"
"859","FICTION"
"860","SCIENCE-FICTION SPECULATIVE-FICTION FANTASY"
"861","FICTION MYSTERY SUSPENSE DETECTIVE-FICTION CRIME-FICTION"
"862","SPECULATIVE-FICTION FICTION MYSTERY SUSPENSE"
"863","FICTION CHILDREN'S-LITERATURE"
"864","SCIENCE-FICTION SPECULATIVE-FICTION FICTION THRILLER"
"865","FICTION NOVEL MYSTERY DETECTIVE-FICTION"
"866","SPECULATIVE-FICTION FICTION MYSTERY CRIME-FICTION"
"867","FICTION"
"868","FICTION NOVEL MYSTERY DETECTIVE-FICTION CRIME-FICTION"
"869","MYSTERY DETECTIVE-FICTION"
"870","FICTION MYSTERY SUSPENSE DETECTIVE-FICTION CRIME-FICTION"
"871","SCIENCE-FICTION FICTION ALTERNATE-HISTORY"
"872","FICTION MYSTERY SUSPENSE DETECTIVE-FICTION CRIME-FICTION"
"873","SCIENCE-FICTION SPECULATIVE-FICTION FICTION FANTASY THRILLER"
"874","SPECULATIVE-FICTION CHILDREN'S-LITERATURE"
"875","FICTION MYSTERY THRILLER"
"876","SPECULATIVE-FICTION FANTASY HISTORICAL-NOVEL"
"877","SPECULATIVE-FICTION FANTASY CHILDREN'S-LITERATURE"
"878","SCIENCE-FICTION SPECULATIVE-FICTION FICTION"
"879","SCIENCE-FICTION SPECULATIVE-FICTION FICTION FANTASY"
"880","FICTION MYSTERY SUSPENSE CRIME-FICTION"
"881","FICTION NOVEL"
"882","SPECULATIVE-FICTION FICTION FANTASY CHILDREN'S-LITERATURE"
"883","SCIENCE-FICTION SPECULATIVE-FICTION FICTION FANTASY CHILDREN'S-LITERATURE HORROR"
"884","FICTION CHILDREN'S-LITERATURE MYSTERY CRIME-FICTION"
"885","FICTION NOVEL"
"886","FICTION"
"887","SCIENCE-FICTION SPECULATIVE-FICTION FICTION FANTASY MYSTERY SUSPENSE SPY-FICTION THRILLER"
"888","FICTION NOVEL MYSTERY SUSPENSE THRILLER CRIME-FICTION"
"889","FICTION NOVEL"
"890","FICTION MYSTERY CRIME-FICTION"
"891","FICTION MYSTERY SUSPENSE DETECTIVE-FICTION CRIME-FICTION"
"892","FICTION CHILDREN'S-LITERATURE YOUNG-ADULT-LITERATURE"
"893","FICTION MYSTERY SUSPENSE CRIME-FICTION"
"894","FICTION MYSTERY SUSPENSE CRIME-FICTION"
"895","FICTION MYSTERY SUSPENSE CRIME-FICTION"
"896","ALTERNATE-HISTORY"
"897","FICTION NOVEL CHILDREN'S-LITERATURE"
"898","NON-FICTION"
"899","NOVEL"
"900","SPECULATIVE-FICTION FANTASY"
"901","NOVEL"
"902","SCIENCE-FICTION SPECULATIVE-FICTION FICTION"
"903","FICTION MYSTERY SUSPENSE THRILLER CRIME-FICTION"
"904","SCIENCE-FICTION SPECULATIVE-FICTION FICTION"
"905","SCIENCE-FICTION SPECULATIVE-FICTION FICTION"
"906","SCIENCE-FICTION SPECULATIVE-FICTION FICTION FANTASY"
"907","HISTORICAL-NOVEL"
"908","SCIENCE-FICTION SPECULATIVE-FICTION FICTION FANTASY"
"909","FANTASY"
"910","SPECULATIVE-FICTION FICTION FANTASY"
"911","FICTION CHILDREN'S-LITERATURE"
"912","SCIENCE-FICTION SPECULATIVE-FICTION FICTION FANTASY CHILDREN'S-LITERATURE ADVENTURE-NOVEL"
"913","SCIENCE-FICTION SPECULATIVE-FICTION FICTION FANTASY"
"914","FICTION CHILDREN'S-LITERATURE"
"915","NOVEL"
"916","ADVENTURE-NOVEL YOUNG-ADULT-LITERATURE"
"917","FICTION NOVEL"
"918","FICTION NOVEL MYSTERY CRIME-FICTION"
"919","FICTION NOVEL"
"920","ADVENTURE-NOVEL YOUNG-ADULT-LITERATURE"
"921","FICTION MYSTERY CRIME-FICTION"
"922","FICTION CHILDREN'S-LITERATURE MYSTERY CRIME-FICTION"
"923","FICTION NOVEL"
"924","FICTION CHILDREN'S-LITERATURE MYSTERY"
"925","NOVEL"
"926","SPECULATIVE-FICTION FICTION FANTASY CHILDREN'S-LITERATURE ADVENTURE-NOVEL"
"927","SPECULATIVE-FICTION FICTION FANTASY HORROR"
"928","FICTION"
"929","FICTION MYSTERY SUSPENSE CRIME-FICTION"
"930","SCIENCE-FICTION SPECULATIVE-FICTION FICTION FANTASY"
"931","SCIENCE-FICTION SPECULATIVE-FICTION FICTION FANTASY MYSTERY SUSPENSE"
"932","SPECULATIVE-FICTION FICTION NOVEL THRILLER"
"933","FICTION MYSTERY SUSPENSE DETECTIVE-FICTION CRIME-FICTION"
"934","SCIENCE-FICTION SPECULATIVE-FICTION FICTION FANTASY CHILDREN'S-LITERATURE"
"935","SPECULATIVE-FICTION FICTION FANTASY CHILDREN'S-LITERATURE"
"936","SPECULATIVE-FICTION FICTION NOVEL"
"937","FICTION NOVEL"
"938","SPECULATIVE-FICTION FICTION NOVEL"
"939","FICTION NOVEL"
"940","FICTION CHILDREN'S-LITERATURE"
"941","FICTION CHILDREN'S-LITERATURE"
"942","FICTION"
"943","FICTION CHILDREN'S-LITERATURE"
"944","HISTORICAL-NOVEL"
"945","FICTION NOVEL"
"946","FICTION"
"947","FICTION CHILDREN'S-LITERATURE"
"948","SPECULATIVE-FICTION FICTION FANTASY CHILDREN'S-LITERATURE"
"949","SPECULATIVE-FICTION FANTASY"
"950","SCIENCE-FICTION SPECULATIVE-FICTION FICTION"
"951","NOVEL"
"952","SPECULATIVE-FICTION FICTION"
"953","ADVENTURE-NOVEL YOUNG-ADULT-LITERATURE"
"954","FICTION MYSTERY SUSPENSE DETECTIVE-FICTION CRIME-FICTION"
"955","SPECULATIVE-FICTION FICTION"
"956","FICTION"
"957","FICTION MYSTERY DETECTIVE-FICTION CRIME-FICTION"
"958","FICTION THRILLER"
"959","SCIENCE-FICTION SPECULATIVE-FICTION"
"960","SPECULATIVE-FICTION FICTION NOVEL"
"961","FICTION NOVEL"
"962","FICTION CHILDREN'S-LITERATURE"
"963","SPECULATIVE-FICTION FANTASY"
"964","FICTION CHILDREN'S-LITERATURE HISTORICAL-NOVEL"
"965","SCIENCE-FICTION SPECULATIVE-FICTION FICTION FANTASY ADVENTURE-NOVEL"
"966","FICTION NOVEL"
"967","SCIENCE-FICTION SPECULATIVE-FICTION FICTION"
"968","FICTION NOVEL MYSTERY"
"969","SCIENCE-FICTION"
"970","SPECULATIVE-FICTION FICTION CHILDREN'S-LITERATURE"
"971","SPECULATIVE-FICTION FANTASY"
"972","SCIENCE-FICTION SPECULATIVE-FICTION"
"973","SCIENCE-FICTION SPECULATIVE-FICTION"
"974","SCIENCE-FICTION SPECULATIVE-FICTION"
"975","SCIENCE-FICTION SPECULATIVE-FICTION"
"976","SCIENCE-FICTION SPECULATIVE-FICTION"
"977","SCIENCE-FICTION SPECULATIVE-FICTION"
"978","SCIENCE-FICTION SPECULATIVE-FICTION"
"979","SCIENCE-FICTION SPECULATIVE-FICTION FICTION"
"980","SCIENCE-FICTION SPECULATIVE-FICTION"
"981","SPECULATIVE-FICTION FICTION NOVEL FANTASY"
"982","FICTION"
"983","SPECULATIVE-FICTION FICTION"
"984","FICTION MYSTERY SUSPENSE CRIME-FICTION"
"985","SCIENCE-FICTION SPECULATIVE-FICTION"
"986","FICTION MYSTERY SUSPENSE CRIME-FICTION"
"987","FICTION MYSTERY SUSPENSE DETECTIVE-FICTION CRIME-FICTION"
"988","FICTION CHILDREN'S-LITERATURE"
"989","SPECULATIVE-FICTION FICTION NOVEL FANTASY"
"990","FICTION MYSTERY DETECTIVE-FICTION"
"991","FICTION NOVEL CHILDREN'S-LITERATURE"
"992","SCIENCE-FICTION SPECULATIVE-FICTION"
"993","FICTION NOVEL"
"994","FICTION MYSTERY SUSPENSE CRIME-FICTION"
"995","FICTION MYSTERY SUSPENSE CRIME-FICTION"
"996","FICTION CHILDREN'S-LITERATURE"
"997","FICTION CHILDREN'S-LITERATURE MYSTERY CRIME-FICTION"
"998","FICTION"
"999","SPECULATIVE-FICTION FANTASY CHILDREN'S-LITERATURE"
"1000","FICTION MYSTERY SUSPENSE THRILLER"
"1001","FICTION NOVEL"
"1002","FICTION CHILDREN'S-LITERATURE HISTORICAL-FICTION ADVENTURE-NOVEL"
"1003","FICTION"
"1004","CHILDREN'S-LITERATURE"
"1005","SCIENCE-FICTION SPECULATIVE-FICTION"
"1006","FICTION CHILDREN'S-LITERATURE"
"1007","FICTION CHILDREN'S-LITERATURE"
"1008","FICTION CHILDREN'S-LITERATURE"
"1009","FICTION"
"1010","FICTION NOVEL"
"1011","NOVEL"
"1012","FICTION MYSTERY DETECTIVE-FICTION"
"1013","FICTION NOVEL"
"1014","SPECULATIVE-FICTION FICTION FANTASY CHILDREN'S-LITERATURE HORROR"
"1015","FICTION NOVEL"
"1016","FICTION"
"1017","SCIENCE-FICTION SPECULATIVE-FICTION FICTION NOVEL"
"1018","SCIENCE-FICTION SPECULATIVE-FICTION FANTASY CHILDREN'S-LITERATURE"
"1019","SPECULATIVE-FICTION FICTION"
"1020","FICTION CHILDREN'S-LITERATURE"
"1021","FICTION CHILDREN'S-LITERATURE"
"1022","FICTION NOVEL CHILDREN'S-LITERATURE"
"1023","SPECULATIVE-FICTION FICTION FANTASY CHILDREN'S-LITERATURE"
"1024","SCIENCE-FICTION SPECULATIVE-FICTION FICTION FANTASY"
"1025","FICTION"
"1026","FICTION MYSTERY CRIME-FICTION"
"1027","SPECULATIVE-FICTION FICTION FANTASY CHILDREN'S-LITERATURE"
"1028","FICTION HISTORICAL-NOVEL"
"1029","SPECULATIVE-FICTION FANTASY CHILDREN'S-LITERATURE"
"1030","FICTION NOVEL CHILDREN'S-LITERATURE"
"1031","FICTION MYSTERY"
"1032","FICTION YOUNG-ADULT-LITERATURE"
"1033","SCIENCE-FICTION SPECULATIVE-FICTION FICTION NOVEL"
"1034","SCIENCE-FICTION SPECULATIVE-FICTION FICTION"
"1035","SCIENCE-FICTION SPECULATIVE-FICTION FICTION NOVEL"
"1036","SCIENCE-FICTION SPECULATIVE-FICTION FICTION FANTASY"
"1037","SPECULATIVE-FICTION"
"1038","SCIENCE-FICTION FICTION NOVEL"
"1039","SPECULATIVE-FICTION FICTION MYSTERY THRILLER CRIME-FICTION"
"1040","FICTION"
"1041","SPECULATIVE-FICTION FICTION FANTASY CHILDREN'S-LITERATURE"
"1042","SPECULATIVE-FICTION FICTION MYSTERY"
"1043","SCIENCE-FICTION SPECULATIVE-FICTION FICTION"
"1044","SPECULATIVE-FICTION"
"1045","FICTION MYSTERY SUSPENSE CRIME-FICTION"
"1046","CHILDREN'S-LITERATURE"
"1047","SCIENCE-FICTION SPECULATIVE-FICTION FICTION NOVEL"
"1048","SPECULATIVE-FICTION FICTION FANTASY CHILDREN'S-LITERATURE HISTORICAL-FICTION HISTORICAL-NOVEL"
"1049","SCIENCE-FICTION SPECULATIVE-FICTION FANTASY"
"1050","SCIENCE-FICTION SPECULATIVE-FICTION FICTION THRILLER"
"1051","FICTION"
"1052","NOVEL"
"1053","FICTION CHILDREN'S-LITERATURE MYSTERY DETECTIVE-FICTION"
"1054","FICTION MYSTERY DETECTIVE-FICTION CRIME-FICTION"
"1055","FICTION NOVEL THRILLER"
"1056","SPECULATIVE-FICTION FICTION FANTASY"
"1057","SCIENCE-FICTION SPECULATIVE-FICTION"
"1058","SCIENCE-FICTION SPECULATIVE-FICTION FICTION MYSTERY"
"1059","NOVEL"
"1060","SCIENCE-FICTION SPECULATIVE-FICTION FICTION FANTASY MYSTERY SUSPENSE"
"1061","SPECULATIVE-FICTION FICTION CHILDREN'S-LITERATURE"
"1062","FICTION MYSTERY SUSPENSE THRILLER CRIME-FICTION"
"1063","FICTION MYSTERY DETECTIVE-FICTION CRIME-FICTION"
"1064","SCIENCE-FICTION SPECULATIVE-FICTION FICTION NOVEL"
"1065","FICTION NOVEL"
"1066","SPECULATIVE-FICTION FICTION FANTASY CHILDREN'S-LITERATURE"
"1067","SCIENCE-FICTION SPECULATIVE-FICTION"
"1068","SCIENCE-FICTION SPECULATIVE-FICTION"
"1069","SCIENCE-FICTION SPECULATIVE-FICTION FICTION FANTASY CHILDREN'S-LITERATURE"
"1070","SCIENCE-FICTION SPECULATIVE-FICTION"
"1071","FICTION NOVEL"
"1072","SCIENCE-FICTION SPECULATIVE-FICTION FICTION"
"1073","HISTORICAL-FICTION HISTORICAL-NOVEL"
"1074","FICTION"
"1075","FICTION CHILDREN'S-LITERATURE"
"1076","FICTION NOVEL MYSTERY CRIME-FICTION"
"1077","FICTION NOVEL"
"1078","FICTION CHILDREN'S-LITERATURE"
"1079","FICTION CHILDREN'S-LITERATURE"
"1080","FICTION CHILDREN'S-LITERATURE MYSTERY"
"1081","FICTION NOVEL MYSTERY DETECTIVE-FICTION"
"1082","SCIENCE-FICTION NOVEL"
"1083","FICTION NOVEL"
"1084","SCIENCE-FICTION SPECULATIVE-FICTION FICTION"
"1085","SPECULATIVE-FICTION FICTION CHILDREN'S-LITERATURE"
"1086","FICTION NOVEL MYSTERY CRIME-FICTION"
"1087","SPECULATIVE-FICTION FANTASY"
"1088","FICTION NOVEL"
"1089","FICTION NOVEL"
"1090","FICTION MYSTERY SUSPENSE THRILLER CRIME-FICTION"
"1091","SCIENCE-FICTION SPECULATIVE-FICTION"
"1092","HISTORY"
"1093","FICTION NOVEL"
"1094","FICTION MYSTERY ROMANCE-NOVEL HISTORICAL-NOVEL"
"1095","FICTION NOVEL"
"1096","CHILDREN'S-LITERATURE"
"1097","FICTION CHILDREN'S-LITERATURE"
"1098","FICTION MYSTERY SUSPENSE"
"1099","SPECULATIVE-FICTION FANTASY"
"1100","SPECULATIVE-FICTION FICTION FANTASY CHILDREN'S-LITERATURE"
"1101","SCIENCE-FICTION SPECULATIVE-FICTION"
"1102","FICTION NOVEL MYSTERY CRIME-FICTION"
"1103","SPECULATIVE-FICTION CHILDREN'S-LITERATURE"
"1104","FICTION MYSTERY SUSPENSE CRIME-FICTION"
"1105","FICTION ADVENTURE-NOVEL"
"1106","FICTION MYSTERY SUSPENSE CRIME-FICTION"
"1107","SPECULATIVE-FICTION FICTION CHILDREN'S-LITERATURE"
"1108","SCIENCE-FICTION SPECULATIVE-FICTION FICTION NOVEL"
"1109","SCIENCE-FICTION SPECULATIVE-FICTION FICTION FANTASY"
"1110","FICTION NOVEL"
"1111","SPECULATIVE-FICTION FICTION FANTASY CHILDREN'S-LITERATURE"
"1112","FICTION CHILDREN'S-LITERATURE"
"1113","SPECULATIVE-FICTION FICTION FANTASY ADVENTURE-NOVEL"
"1114","SCIENCE-FICTION SPECULATIVE-FICTION FICTION NOVEL"
"1115","FICTION NOVEL"
"1116","FICTION CHILDREN'S-LITERATURE"
"1117","FICTION MYSTERY CRIME-FICTION"
"1118","FICTION"
"1119","FICTION NOVEL"
"1120","FICTION MYSTERY DETECTIVE-FICTION CRIME-FICTION"
"1121","SPECULATIVE-FICTION FICTION NOVEL"
"1122","FICTION ROMANCE-NOVEL YOUNG-ADULT-LITERATURE"
"1123","SCIENCE-FICTION SPECULATIVE-FICTION"
"1124","SCIENCE-FICTION SPECULATIVE-FICTION FICTION"
"1125","SPECULATIVE-FICTION FANTASY"
"1126","SPECULATIVE-FICTION FANTASY CHILDREN'S-LITERATURE"
"1127","SCIENCE-FICTION SPECULATIVE-FICTION FICTION"
"1128","SPECULATIVE-FICTION FANTASY CHILDREN'S-LITERATURE"
"1129","FICTION NOVEL MYSTERY DETECTIVE-FICTION"
"1130","FICTION MYSTERY DETECTIVE-FICTION"
"1131","SPECULATIVE-FICTION FICTION"
"1132","SCIENCE-FICTION SPECULATIVE-FICTION"
"1133","SCIENCE-FICTION SPECULATIVE-FICTION FICTION FANTASY CHILDREN'S-LITERATURE"
"1134","FICTION CHILDREN'S-LITERATURE"
"1135","FICTION"
"1136","FICTION MYSTERY SUSPENSE CRIME-FICTION"
"1137","SCIENCE-FICTION SPECULATIVE-FICTION"
"1138","FICTION CHILDREN'S-LITERATURE MYSTERY"
"1139","SPECULATIVE-FICTION FICTION FANTASY"
"1140","FICTION NOVEL"
"1141","SCIENCE-FICTION SPECULATIVE-FICTION FICTION FANTASY CHILDREN'S-LITERATURE"
"1142","FICTION CRIME-FICTION"
"1143","FICTION"
"1144","SPECULATIVE-FICTION FICTION CHILDREN'S-LITERATURE"
"1145","FICTION NOVEL"
"1146","NOVEL"
"1147","FICTION CHILDREN'S-LITERATURE"
"1148","SPECULATIVE-FICTION FANTASY"
"1149","FICTION NOVEL"
"1150","SPECULATIVE-FICTION FANTASY"
"1151","FICTION CHILDREN'S-LITERATURE"
"1152","SPECULATIVE-FICTION FICTION FANTASY CHILDREN'S-LITERATURE"
"1153","SPECULATIVE-FICTION"
"1154","FICTION"
"1155","FICTION NOVEL"
"1156","HISTORICAL-NOVEL"
"1157","SPECULATIVE-FICTION FICTION"
"1158","SPECULATIVE-FICTION FANTASY CHILDREN'S-LITERATURE"
"1159","SPECULATIVE-FICTION FANTASY"
"1160","SPECULATIVE-FICTION FICTION"
"1161","SCIENCE-FICTION SPECULATIVE-FICTION FICTION FANTASY"
"1162","FICTION NOVEL"
"1163","SPECULATIVE-FICTION FICTION"
"1164","FICTION CHILDREN'S-LITERATURE HISTORICAL-NOVEL"
"1165","SPECULATIVE-FICTION FICTION CHILDREN'S-LITERATURE YOUNG-ADULT-LITERATURE"
"1166","CHILDREN'S-LITERATURE"
"1167","FICTION HISTORICAL-NOVEL"
"1168","SPECULATIVE-FICTION"
"1169","SPECULATIVE-FICTION FICTION NOVEL FANTASY"
"1170","SPECULATIVE-FICTION FICTION FANTASY CHILDREN'S-LITERATURE"
"1171","NOVEL"
"1172","SCIENCE-FICTION SPECULATIVE-FICTION FICTION"
"1173","NON-FICTION"
"1174","FICTION MYSTERY SUSPENSE CRIME-FICTION"
"1175","SCIENCE-FICTION SPECULATIVE-FICTION FANTASY"
"1176","FICTION NOVEL"
"1177","SCIENCE-FICTION SPECULATIVE-FICTION FICTION"
"1178","FICTION NOVEL"
"1179","FICTION MYSTERY SUSPENSE DETECTIVE-FICTION CRIME-FICTION"
"1180","FICTION MYSTERY CRIME-FICTION"
"1181","SCIENCE-FICTION SPECULATIVE-FICTION FICTION NOVEL"
"1182","FICTION MYSTERY CRIME-FICTION"
"1183","SCIENCE-FICTION SPECULATIVE-FICTION"
"1184","SCIENCE-FICTION SPECULATIVE-FICTION FICTION FANTASY"
"1185","SCIENCE-FICTION SPECULATIVE-FICTION"
"1186","FICTION"
"1187","SCIENCE-FICTION SPECULATIVE-FICTION FICTION FANTASY CHILDREN'S-LITERATURE ADVENTURE-NOVEL"
"1188","FICTION MYSTERY SUSPENSE CRIME-FICTION"
"1189","SPECULATIVE-FICTION FICTION NOVEL"
"1190","SCIENCE-FICTION"
"1191","FICTION NOVEL MYSTERY SUSPENSE DETECTIVE-FICTION CRIME-FICTION"
"1192","SPECULATIVE-FICTION FICTION FANTASY CHILDREN'S-LITERATURE"
"1193","SPECULATIVE-FICTION FICTION NOVEL"
"1194","NON-FICTION"
"1195","FICTION NOVEL"
"1196","SPECULATIVE-FICTION FICTION FANTASY"
"1197","SCIENCE-FICTION SPECULATIVE-FICTION FICTION"
"1198","CHILDREN'S-LITERATURE"
"1199","NOVEL"
"1200","SPECULATIVE-FICTION FANTASY"
"1201","SPECULATIVE-FICTION"
"1202","NOVEL"
"1203","SPECULATIVE-FICTION FANTASY"
"1204","FICTION ROMANCE-NOVEL"
"1205","HISTORY"
"1206","SCIENCE-FICTION SPECULATIVE-FICTION FICTION"
"1207","FICTION MYSTERY ROMANCE-NOVEL"
"1208","FICTION NOVEL"
"1209","SPECULATIVE-FICTION FICTION FANTASY CHILDREN'S-LITERATURE HORROR"
"1210","FICTION NOVEL MYSTERY"
"1211","SPECULATIVE-FICTION FICTION NOVEL"
"1212","FICTION NOVEL"
"1213","FICTION NOVEL"
"1214","SPECULATIVE-FICTION FICTION FANTASY CHILDREN'S-LITERATURE"
"1215","SPECULATIVE-FICTION FICTION FANTASY CHILDREN'S-LITERATURE"
"1216","FICTION"
"1217","FICTION"
"1218","SPECULATIVE-FICTION NOVEL"
"1219","FICTION NOVEL"
"1220","NOVEL"
"1221","SCIENCE-FICTION SPECULATIVE-FICTION FICTION FANTASY"
"1222","HISTORICAL-FICTION HISTORICAL-NOVEL"
"1223","HISTORICAL-FICTION"
"1224","SPECULATIVE-FICTION FANTASY"
"1225","FICTION NOVEL THRILLER"
"1226","FICTION THRILLER"
"1227","SPECULATIVE-FICTION FANTASY CHILDREN'S-LITERATURE"
"1228","FICTION NOVEL MYSTERY CRIME-FICTION"
"1229","FICTION NOVEL MYSTERY CRIME-FICTION"
"1230","AUTOBIOGRAPHY BIOGRAPHY"
"1231","SPECULATIVE-FICTION FICTION FANTASY CHILDREN'S-LITERATURE YOUNG-ADULT-LITERATURE"
"1232","FICTION"
"1233","FICTION SUSPENSE THRILLER"
